CHROM	POS	REF	ALT	ANNOTATIONS	63HC1Np1	63HC1Np10	63HC1Np2	63HC1Np3	63HC1Np4	63HC1Np5	63HC1Np6	63HC1Np7	63HC1Np8	63HC1Np9	63HC1Sp1	63HC1Sp10	63HC1Sp2	63HC1Sp3	63HC1Sp4	63HC1Sp5	63HC1Sp6	63HC1Sp7	63HC1Sp8	63HC1Sp9
NC_007793.1	16106	GTTTTTTTGTTTAAG	GTTTTTTTTGTTTAAG	336 nt downstream of SAUSA300_RS00060 ; 27 nt upstream of SAUSA300_RS00065	GTTTTTTTTGTTTAAG	GTTTTTTTTGTTTAAG	GTTTTTTTTGTTTAAG	GTTTTTTTTGTTTAAG	GTTTTTTTTGTTTAAG	GTTTTTTTTGTTTAAG	GTTTTTTTTGTTTAAG	GTTTTTTTTGTTTAAG	GTTTTTTTTGTTTAAG	GTTTTTTTTGTTTAAG	GTTTTTTTGTTTAAG	GTTTTTTTGTTTAAG	GTTTTTTTGTTTAAG	GTTTTTTTTGTTTAAG	GTTTTTTTTGTTTAAG	GTTTTTTTTGTTTAAG	GTTTTTTTGTTTAAG	GTTTTTTTTGTTTAAG	GTTTTTTTTGTTTAAG	GTTTTTTTGTTTAAG
NC_007793.1	108956	A	G	168 nt downstream of SAUSA300_RS00510 ; 37 nt upstream of SAUSA300_RS00515	A	A	A	A	A	A	A	G	A	A	A	A	A	A	A	A	A	A	A	A
NC_007793.1	112528	G	A	Allele A: missense_variant,SAUSA300_RS00530 (SAUSA300_RS00530),c.673G>A,p.Val225Ile	A	A	A	G	A	A	A	A	A	A	A	A	A	A	A	A	A	A	A	A
NC_007793.1	322586	G	A	Allele A: missense_variant,lytM (SAUSA300_RS01450),c.244G>A,p.Val82Ile	G	G	G	G	G	G	A	G	G	G	G	G	G	G	G	G	G	G	G	G
NC_007793.1	348528	A	C	Allele C: synonymous_variant,SAUSA300_RS01580 (SAUSA300_RS01580),c.360A>C,p.Ile120Ile	A	A	A	A	A	A	A	A	A	A	A	A	A	A	A	A	C	A	A	A
NC_007793.1	517918	CAAAAAATGGATGCGATGAGCCGCA	CAAG	0 nt downstream of SAUSA300_RS02450 ; 883 nt upstream of SAUSA300_RS02455	CAAG	CAAG	CAAG	CAAG	CAAG	CAAG	CAAG	CAAG	CAAG	CAAG	CAAG	CAAAAAATGGATGCGATGAGCCGCA	CAAG	CAAG	CAAG	CAAAAAATGGATGCGATGAGCCGCA	CAAG	CAAAAAATGGATGCGATGAGCCGCA	CAAAAAATGGATGCGATGAGCCGCA	CAAG
NC_007793.1	613723	T	C	Allele C: synonymous_variant,sdrC (SAUSA300_RS02915),c.2577T>C,p.Asp859Asp	C	T	C	C	C	C	C	C	C	C	C	C	C	C	T	C	C	C	C	C
NC_007793.1	842612	A	G	Allele G: missense_variant,SAUSA300_RS04075 (SAUSA300_RS04075),c.332A>G,p.His111Arg	G	A	A	A	A	A	A	A	A	A	A	A	A	G	A	A	A	A	A	A
NC_007793.1	1180828	G	A	Allele A: missense_variant,ftsA (SAUSA300_RS05850),c.725G>A,p.Gly242Glu	G	G	G	G	G	G	G	A	G	G	G	G	G	G	G	G	G	G	G	G
NC_007793.1	1204783	GACTA	TAGTC	221 nt downstream of SAUSA300_RS05960 ; 42 nt downstream of SAUSA300_RS05965	GACTA	GACTA	GACTA	TAGTC	GACTA	GACTA	GACTA	GACTA	GACTA	GACTA	GACTA	GACTA	GACTA	GACTA	GACTA	GACTA	TAGTC	GACTA	GACTA	GACTA
NC_007793.1	1204794	TTT	TATG	232 nt downstream of SAUSA300_RS05960 ; 31 nt downstream of SAUSA300_RS05965	TTT	TATG	TTT	TATG	TATG	TATG	TTT	TTT	TATG	TATG	TTT	TTT	TATG	TTT	TTT	TATG	TATG	TATG	TTT	TATG
NC_007793.1	1240211	A	C	Allele C: missense_variant,rimM (SAUSA300_RS06125),c.68A>C,p.Asn23Thr	A	A	A	A	A	A	A	A	A	A	A	A	A	A	A	A	A	C	A	A
NC_007793.1	1286895	C	A	Allele A: missense_variant,SAUSA300_RS06325 (SAUSA300_RS06325),c.574C>A,p.Leu192Met	C	A	C	A	A	C	C	C	C	C	C	C	C	C	C	C	C	C	C	C
NC_007793.1	1351970	GAATG	GAATGCTCGTTGTTAGCAAATG	216 nt downstream of SAUSA300_RS06685 ; 238 nt upstream of SAUSA300_RS06690	GAATGCTCGTTGTTAGCAAATG	GAATGCTCGTTGTTAGCAAATG	GAATGCTCGTTGTTAGCAAATG	GAATGCTCGTTGTTAGCAAATG	GAATGCTCGTTGTTAGCAAATG	GAATGCTCGTTGTTAGCAAATG	GAATGCTCGTTGTTAGCAAATG	GAATGCTCGTTGTTAGCAAATG	GAATGCTCGTTGTTAGCAAATG	GAATGCTCGTTGTTAGCAAATG	GAATGCTCGTTGTTAGCAAATG	GAATGCTCGTTGTTAGCAAATG	GAATGCTCGTTGTTAGCAAATG	GAATG	GAATG	GAATGCTCGTTGTTAGCAAATG	GAATGCTCGTTGTTAGCAAATG	GAATGCTCGTTGTTAGCAAATG	GAATGCTCGTTGTTAGCAAATG	GAATGCTCGTTGTTAGCAAATG
NC_007793.1	1411107	ATTTTTTTCGA	ATTTTTTTTCGA	Allele ATTTTTTTTCGA: frameshift_variant,pstC (SAUSA300_RS06960),c.34_35insA,p.Asn14fs	ATTTTTTTTCGA	ATTTTTTTCGA	ATTTTTTTCGA	ATTTTTTTCGA	ATTTTTTTCGA	ATTTTTTTCGA	ATTTTTTTTCGA	ATTTTTTTCGA	ATTTTTTTCGA	ATTTTTTTCGA	ATTTTTTTCGA	ATTTTTTTCGA	ATTTTTTTCGA	ATTTTTTTTCGA	ATTTTTTTCGA	ATTTTTTTCGA	ATTTTTTTCGA	ATTTTTTTCGA	ATTTTTTTCGA	ATTTTTTTCGA
NC_007793.1	1601335	TAAAAAAAGCG	TAAAAAAGCG	12 nt upstream of SAUSA300_RS07900 ; 37 nt downstream of SAUSA300_RS07905	TAAAAAAAGCG	TAAAAAAAGCG	TAAAAAAAGCG	TAAAAAAAGCG	TAAAAAAAGCG	TAAAAAAGCG	TAAAAAAAGCG	TAAAAAAAGCG	TAAAAAAAGCG	TAAAAAAAGCG	TAAAAAAAGCG	TAAAAAAAGCG	TAAAAAAAGCG	TAAAAAAAGCG	TAAAAAAAGCG	TAAAAAAAGCG	TAAAAAAAGCG	TAAAAAAAGCG	TAAAAAAAGCG	TAAAAAAAGCG
NC_007793.1	1687662	A	G	Allele G: synonymous_variant,prmA (SAUSA300_RS08385),c.471T>C,p.His157His	A	A	A	A	A	G	A	A	A	A	A	A	A	A	A	A	A	A	A	A
NC_007793.1	1798059	G	A	158 nt upstream of SAUSA300_RS08940 ; 232 nt downstream of SAUSA300_RS08950	G	G	G	G	G	G	A	G	G	G	G	G	G	G	G	G	G	G	G	G
NC_007793.1	1875259	T	C	Allele C: synonymous_variant,SAUSA300_RS09285 (SAUSA300_RS09285),c.858A>G,p.Ser286Ser	T	T	T	T	T	C	T	T	T	T	T	T	T	T	T	T	T	T	T	T
NC_007793.1	2002591	T	C	Allele C: intragenic_variant,SAUSA300_RS10055 (SAUSA300_RS10055),n.2002591T>C,	T	T	T	T	T	C	T	T	T	T	T	T	T	T	T	T	T	T	T	T
NC_007793.1	2441444	C	T	Allele T: missense_variant,SAUSA300_RS12550 (SAUSA300_RS12550),c.116G>A,p.Ser39Asn	C	C	C	C	C	C	C	C	C	C	T	T	T	C	C	C	T	C	C	T
NC_007793.1	2494866	G	A	Allele A: missense_variant,SAUSA300_RS12830 (SAUSA300_RS12830),c.1106C>T,p.Pro369Leu	G	G	G	G	G	G	G	G	A	G	G	G	G	G	G	G	G	G	G	G
NC_007793.1	2629718	A	G	Allele G: synonymous_variant,fnbB (SAUSA300_RS13525),c.2346T>C,p.Asn782Asn	A	A	A	A	A	A	A	A	A	A	A	A	A	A	A	G	A	A	A	A
NC_007793.1	2632808	G	T	Allele T: synonymous_variant,fnbA (SAUSA300_RS13530),c.2994C>A,p.Gly998Gly	G	G	G	G	G	G	G	G	G	G	G	G	G	G	G	T	G	G	G	G
NC_007793.1	2632816	AC	GT	Allele GT: missense_variant,fnbA (SAUSA300_RS13530),c.2985_2986delGTinsAC,p.Met995Ile	AC	AC	AC	AC	AC	AC	AC	AC	AC	AC	AC	AC	AC	AC	AC	GT	AC	AC	AC	AC
NC_007793.1	2633699	A	G	Allele G: synonymous_variant,fnbA (SAUSA300_RS13530),c.2103T>C,p.Ile701Ile	A	A	A	A	A	A	A	A	A	A	A	A	A	A	A	G	A	A	A	A
NC_007793.1	2633720	T	A	Allele A: synonymous_variant,fnbA (SAUSA300_RS13530),c.2082A>T,p.Ala694Ala	T	T	T	T	T	T	T	T	T	T	T	T	T	T	T	A	T	T	T	T
NC_007793.1	2633732	C	T	Allele T: synonymous_variant,fnbA (SAUSA300_RS13530),c.2070G>A,p.Glu690Glu	C	C	C	C	C	C	C	C	C	C	C	C	C	C	C	T	C	C	C	C
NC_007793.1	2633738	A	T	Allele T: synonymous_variant,fnbA (SAUSA300_RS13530),c.2064T>A,p.Pro688Pro	A	A	A	A	A	A	A	A	A	A	A	A	A	A	A	T	A	A	A	A
NC_007793.1	2633743	A	G	Allele G: synonymous_variant,fnbA (SAUSA300_RS13530),c.2059T>C,p.Leu687Leu	A	A	A	A	A	A	A	A	A	A	A	A	A	A	A	G	A	A	A	A
NC_007793.1	2664866	C	T	247 nt downstream of SAUSA300_RS13685 ; 191 nt downstream of SAUSA300_RS13690	C	T	C	C	C	C	T	C	C	C	C	T	C	C	C	C	C	T	C	C
