CHROM	POS	REF	ALT	ANNOTATIONS	12AD1Rp1	12AD1Rp10	12AD1Rp2	12AD1Rp3	12AD1Rp4	12AD1Rp5	12AD1Rp6	12AD1Rp7	12AD1Rp8	12AD1Rp9
NC_007793.1	169946	G	A	Allele A: missense_variant,SAUSA300_RS00790 (SAUSA300_RS00790),c.304G>A,p.Val102Ile	G	G	G	G	G	G	A	G	G	G
NC_007793.1	170003	T	A	34 nt downstream of SAUSA300_RS00790 ; 324 nt upstream of SAUSA300_RS15720	T	T	A	A	A	T	A	T	T	T
NC_007793.1	308607	CTTTTTTTTATGC	CTTTTTTTATGC	9 nt downstream of SAUSA300_RS01360 ; 104 nt upstream of SAUSA300_RS01365	CTTTTTTTTATGC	CTTTTTTTATGC	CTTTTTTTATGC	CTTTTTTTATGC	CTTTTTTTATGC	CTTTTTTTTATGC	CTTTTTTTATGC	CTTTTTTTATGC	CTTTTTTTTATGC	CTTTTTTTATGC
NC_007793.1	351972	T	C	Allele C: synonymous_variant,SAUSA300_RS01605 (SAUSA300_RS01605),c.300T>C,p.Cys100Cys	C	C	C	C	C	C	C	T	C	T
NC_007793.1	394984	T	A	Allele A: synonymous_variant,SAUSA300_RS01815 (SAUSA300_RS01815),c.150T>A,p.Ser50Ser	T	T	A	T	T	T	T	T	T	T
NC_007793.1	613675	C	T	Allele T: synonymous_variant,sdrC (SAUSA300_RS02915),c.2529C>T,p.Asp843Asp	C	C	C	T	C	C	C	T	T	T
NC_007793.1	613741	CTCA	TTCG	Allele TTCG: synonymous_variant,sdrC (SAUSA300_RS02915),c.2595_2598delCTCAinsTTCG,p.867	CTCA	CTCA	CTCA	CTCA	CTCA	CTCA	CTCA	CTCA	TTCG	CTCA
NC_007793.1	617890	C	T	Allele T: synonymous_variant,sdrD (SAUSA300_RS02920),c.3534C>T,p.Ser1178Ser	T	T	C	C	C	T	T	C	T	T
NC_007793.1	661933	A	G	Allele G: synonymous_variant,SAUSA300_RS03160 (SAUSA300_RS03160),c.69A>G,p.Glu23Glu	A	G	A	A	A	A	A	A	A	A
NC_007793.1	787136	T	G	100 nt downstream of SAUSA300_RS03805 ; 251 nt upstream of SAUSA300_RS03810	T	T	T	T	G	G	G	G	T	G
NC_007793.1	829143	GCCCCG	TCCCACC	359 nt downstream of SAUSA300_RS04005 ; 303 nt upstream of SAUSA300_RS04010	GCCCCG	TCCCACC	GCCCCG	TCCCACC	GCCCCG	GCCCCG	GCCCCG	GCCCCG	GCCCCG	GCCCCG
NC_007793.1	829163	T	C	379 nt downstream of SAUSA300_RS04005 ; 283 nt upstream of SAUSA300_RS04010	C	T	C	T	C	C	C	C	C	C
NC_007793.1	913304	C	A	Allele A: synonymous_variant,SAUSA300_RS04500 (SAUSA300_RS04500),c.432C>A,p.Val144Val	C	C	C	C	C	C	C	C	C	A
NC_007793.1	1154597	A	G	400 nt downstream of SAUSA300_RS05695 ; 253 nt downstream of SAUSA300_RS05705	A	A	G	A	A	G	A	G	G	G
NC_007793.1	1154709	T	G	512 nt downstream of SAUSA300_RS05695 ; 141 nt downstream of SAUSA300_RS05705	T	T	T	T	T	G	T	T	T	T
NC_007793.1	1328792	A	G	Allele G: missense_variant,SAUSA300_RS15995 (SAUSA300_RS15995),c.76A>G,p.Lys26Glu	G	G	A	G	A	A	A	G	A	G
NC_007793.1	1692340	G	A	Allele A: missense_variant,hrcA (SAUSA300_RS08405),c.608C>T,p.Ser203Leu	A	G	G	G	G	A	G	G	A	G
NC_007793.1	1873256	G	A	682 nt upstream of SAUSA300_RS09270 ; 68 nt downstream of SAUSA300_RS09275	G	G	G	G	A	G	G	G	A	G
NC_007793.1	2343179	TTGAAAAT	TTGAAAATGAAAAT	5 nt downstream of SAUSA300_RS11930 ; 359 nt downstream of SAUSA300_RS11935	TTGAAAAT	TTGAAAAT	TTGAAAATGAAAAT	TTGAAAAT	TTGAAAATGAAAAT	TTGAAAATGAAAAT	TTGAAAATGAAAAT	TTGAAAAT	TTGAAAAT	TTGAAAAT
NC_007793.1	2609908	A	G	Allele G: synonymous_variant,SAUSA300_RS13430 (SAUSA300_RS13430),c.468T>C,p.Phe156Phe	G	A	G	G	A	A	A	A	G	A
NC_007793.1	2609929	T	C	Allele C: synonymous_variant,SAUSA300_RS13430 (SAUSA300_RS13430),c.447A>G,p.Leu149Leu	T	T	T	T	C	C	T	T	T	T
NC_007793.1	2735780	AAAGAAGAAGAT	AAAGAAGAT	Allele AAAGAAGAT: frameshift_variant&start_lost,SAUSA300_RS14065 (SAUSA300_RS14065),c.-2_1delAGA,p.Met1fs // 63 nt upstream of SAUSA300_RS14060 ; 10 nt upstream of SAUSA300_RS14065	AAAGAAGAT	AAAGAAGAAGAT	AAAGAAGAAGAT	AAAGAAGAAGAT	AAAGAAGAAGAT	AAAGAAGAT	AAAGAAGAAGAT	AAAGAAGAAGAT	AAAGAAGAT	AAAGAAGAAGAT
NC_007793.1	2774973	G	A	Allele A: synonymous_variant,clfB (SAUSA300_RS14270),c.2067C>T,p.Asp689Asp	A	A	G	G	G	G	G	G	G	G
